name,maximumSurfaceDistanceMm,samples
Guide_B01_OuterShoulder_Across,6.7274547731084473e-10,129
Guide_B02_LowerCanopy_Across,4.6189610987066087e-09,129
Guide_B03_UpperCanopy_Across,1.2755491433176288e-12,129
Guide_G04_WindshieldFoot_Across,1.7776463117575769e-10,129
Guide_B05_Centreline_Across,5.0564359611168458e-08,129
Guide_B06_RearValance_Across,1.1739741647998103e-08,129
Guide_B07_RearDeckRim_Across,3.4719642022162136e-10,129
Guide_B08_RearUpperReturn_Across,7.0694962246442231e-09,129
Guide_G12_RearLowerInset_Across,3.3324327639545036e-08,129
Guide_B16_LowerSideSweep_Left,7.244462782773593e-08,129
Guide_B16_LowerSideSweep_Right,7.244464529183568e-08,129
Guide_B18_NoseReturn_Across,1.03769954984877e-08,129
Guide_B19_SideCrease_Left,1.9200694141744137e-08,129
Guide_B19_SideCrease_Right,1.9200586845667452e-08,129
Guide_B20_RearInnerArch_Left,2.2369436493438239e-08,129
Guide_B20_RearInnerArch_Right,2.23694364923362e-08,129
Guide_B22_FrontOuterArch_Left,1.0368930222648871e-08,129
Guide_B22_FrontOuterArch_Right,1.0369598082849234e-08,129
Guide_G23_FrontInnerArch_Left,4.0409113714805818e-08,129
Guide_G23_FrontInnerArch_Right,4.041447117700363e-08,129
Guide_B25_RearDeckCrossbarOuter_Across,3.7218706244498313e-08,129
Guide_B26_RearDeckCrossbarInner_Across,4.9650683064945462e-13,129
Guide_B28_RearDeckCentreReturn_Across,6.6410394262494698e-09,129
Guide_B29_RoofRearCrossbar_Across,4.0468628951440268e-10,129
Guide_B30_BonnetRearCrossbar_Across,2.2409291313777228e-09,129
Guide_B32_RearShoulder_Left,5.7865344754037947e-08,129
Guide_B32_RearShoulder_Right,5.7865580612692874e-08,129
Guide_B33_RoofFrontCrossbar_Across,1.7386603005504569e-12,129
Guide_B35_FrontWingRail_Left,2.2986499463305634e-10,129
Guide_B35_FrontWingRail_Right,2.2986499463305634e-10,129
Guide_B36_UpperSideRail_Left,4.9513955426800388e-12,129
Guide_B36_UpperSideRail_Right,4.8469850251071806e-12,129
Guide_B39_SideUpperDiagonal_Left,3.2997653086446142e-10,129
Guide_B39_SideUpperDiagonal_Right,3.3003181485986957e-10,129
Guide_B40_NoseInsetCrossbar_Across,1.3292612069672504e-10,129
Guide_B46_UpperBeltRail_Left,3.848287327630046e-10,129
Guide_B46_UpperBeltRail_Right,3.848287327630046e-10,129
Guide_B48_RearLowerCrossbar_Across,2.5614712325189196e-11,129
Guide_R01_SideBeltOption_Left,0.37514242147352733,129
Guide_R01_SideBeltOption_Right,0.37514242147370647,129
Guide_C02_JoinedRearOuterArch_Left,0.15551493448298659,129
Guide_C02_JoinedRearOuterArch_Right,0.15551493448300732,129
Guide_B41_Extended_Across,4.885416302435206e-10,129
Guide_B42_Extended_Across,1.3717653498860694e-09,129
Guide_C01_Extended_Left,0.038547644108002599,129
Guide_C01_Extended_Right,0.038547644107840159,129
Guide_B45_Extended_Left,0.021856987783918244,129
Guide_B45_Extended_Right,0.021856987783902878,129
Guide_R02_Extended_Left,0.31750908489434887,129
Guide_R02_Extended_Right,0.31750908489453095,129
Guide_B17_Extended_Across,0.029410981840817127,129
Guide_B52_Extended_Left,0.019423358711141047,129
Guide_B52_Extended_Right,0.019423358711081827,129
