parameter,sourceX,sourceY,sourceZ,offsetX,offsetY,offsetZ,requestedWidthMetres
0,-1.5094841003420001,0.37129924774200002,0.85634166717500004,-1.5067479118980429,0.34778711564804182,0.86438484898357826,0.025000000000000001
0.0019859096806255456,-1.4968428039549999,0.37312797546400001,0.85738777160599999,-1.4941172796247262,0.34964405338107118,0.86551652980171268,0.025000000000000001
0.0054197238336069513,-1.474984893799,0.37629005432099999,0.85919666290300001,-1.472279476057873,0.3528547305814872,0.8674710783243933,0.025000000000000001
0.0083574226508959827,-1.4580843020708754,0.37875500319174998,0.86060670950475004,-1.4553365477137918,0.35536806362219731,0.86900316004083633,0.025000000000000001
0.011295121468185017,-1.4376158142090001,0.3818567276,0.86238105773899998,-1.4347475273864125,0.35853953070154038,0.8709297733601874,0.025000000000000001
0.013168861257509065,-1.4263684484701664,0.38363693553491668,0.86339941800291664,-1.423415072199073,0.36036069453086883,0.87203037050378418,0.025000000000000001
0.015042601046833113,-1.4146191803088333,0.38556506481783337,0.8645023957975001,-1.4115651786891135,0.36233315756624945,0.87321736074715472,0.025000000000000001
0.016916340836157156,-1.4024981119102502,0.38763737372774998,0.86568785489283329,-1.3993256498193172,0.36445334291006676,0.87448757864920068,0.025000000000000001
0.018790080625481209,-1.390135345459,0.38985012054399998,0.86695365905800004,-1.3868248901474158,0.36671773409795616,0.87583805032853113,0.025000000000000001
0.020757625225486898,-1.3776571706187499,0.39219387351641666,0.86829439580933332,-1.3742093379915867,0.36911140761542827,0.87725603443310096,0.025000000000000001
0.022725169825492601,-1.3651744051645001,0.39463674978466673,0.86969184400400001,-1.3616130842656762,0.37159686361638583,0.87871843330454713,0.025000000000000001
0.024692714425498294,-1.3527944090517501,0.39714117402716664,0.87112450423041665,-1.3491393538124816,0.37413718202048574,0.88020500701745963,0.025000000000000001
0.026660259025503993,-1.3406245422359999,0.39966957092299998,0.87257087707500003,-1.3368935638370458,0.37669518084448128,0.881695335652117,0.025000000000000001
0.030208050108679441,-1.3173438830252502,0.40464805519187497,0.87541879206787487,-1.3135084657373544,0.3817156998580219,0.88460547146568547,0.025000000000000001
0.033755841191854881,-1.2961912536619999,0.40927177429200001,0.87806377410900005,-1.2923194660144293,0.38635799984101349,0.88728150298427755,0.025000000000000001
0.036549265822619241,-1.2777163903092499,0.41332640958787503,0.88038321596362501,-1.2738479307264954,0.39041849594628908,0.88961688912751391,0.025000000000000001
0.039342690453383601,-1.2612376403809999,0.41694297790500001,0.88245204925499998,-1.2573722589108354,0.39404018931406581,0.8916997102406381,0.025000000000000001
0.041814277861780928,-1.2457657536655,0.42033855033,0.88439447458825016,-1.2419030650564806,0.39744052849135014,0.89365505245770971,0.025000000000000001
0.044285865270178242,-1.2303111267089999,0.42373039245600003,0.88633476257300003,-1.2264507886141736,0.40083706945806269,0.89560792707967618,0.025000000000000001
0.046952199558760968,-1.2140653494255,0.42729578374487509,0.8883743436347501,-1.2102076536277673,0.4044072150407243,0.89766033410221424,0.025000000000000001
0.049618533847343688,-1.196947784424,0.431052627563,0.89052341461200002,-1.1930929235548531,0.40816885716256152,0.89982239822241061,0.025000000000000001
0.052531636483610387,-1.17905775244875,0.43497883639499996,0.89276940593799992,-1.1752056297051536,0.41209999666604769,0.9020816474428377,0.025000000000000001
0.055444739119877066,-1.1604966735840001,0.43905250549300001,0.89509975433300004,-1.1566472471322267,0.4161785666195339,0.90442514203188185,0.025000000000000001
0.058559317595878346,-1.141334062513375,0.44325803498212496,0.89750547940037506,-1.1374874296139221,0.42038899813018854,0.90684403511007727,0.025000000000000001
0.061673896071879633,-1.1215245056150001,0.44760559082000001,0.89999252319300005,-1.1176807119107544,0.42474113762841553,0.90934346546254718,0.025000000000000001
0.06501953896354655,-1.10099201412,0.45211180711374999,0.90257026993737499,-1.0971502517001868,0.42925161565333553,0.91193246189961574,0.025000000000000001
0.068365181855213467,-1.079661102295,0.45679332733200001,0.90524833679200001,-1.0758215013977617,0.43393668753150616,0.91462008201276968,0.025000000000000001
0.071956616391411612,-1.0575083900983751,0.46165514250824996,0.90802952127149994,-1.0536701746132184,0.43880137999538638,0.91740884744956541,0.025000000000000001
0.075548050927609758,-1.0347221374510001,0.46665599822999998,0.91089023590100004,-1.0308852032881823,0.44380405601552669,0.92027451898902024,0.025000000000000001
0.07926518837427203,-1.011542280707125,0.47174323679312502,0.91380038467512492,-1.0077056001686351,0.44889196414558341,0.9231864005180983,0.025000000000000001
0.08298232582093433,-0.98821029663100002,0.47686393737799998,0.91672966003400003,-0.98437301360890939,0.45401193452506156,0.92611365120994227,0.025000000000000001
0.086687780675726855,-0.9649402146113748,0.48197093509512495,0.91965115173412493,-0.96110182262504207,0.45911677510915089,0.92902943618504996,0.025000000000000001
0.090393235530519367,-0.94184463501000004,0.487039756775,0.92255077362100002,-0.93800474330267603,0.4641826893480428,0.93192135668164355,0.025000000000000001
0.094015595374735486,-0.91900829552725005,0.49205151847875001,0.92541772884362494,-0.91516670523477572,0.4691914730826609,0.9347803516108284,0.025000000000000001
0.097637955218951647,-0.89651870727500005,0.49698734283399998,0.92824127197299999,-0.8926757077983577,0.47412478938777974,0.93759719365104499,0.025000000000000001
0.10119124718117745,-0.87435279762337481,0.50185204264862493,0.93102410019524984,-0.87050892603174912,0.47898793889920738,0.94037587978857096,0.025000000000000001
0.10474453914340323,-0.85205703735399996,0.50674533844000003,0.93382331848099998,-0.84821271254990116,0.48388051807118088,0.94317316569605136,0.025000000000000001
0.10851935574429096,-0.82906758961675009,0.51179072760812505,0.93670951424074989,-0.82522338390080863,0.48892594990037563,0.94605952299432572,0.025000000000000001
0.1122941723451787,-0.80482345581100001,0.517111625671,0.93975334167500002,-0.80097949249775635,0.4942475363001958,0.94910514100792787,0.025000000000000001
0.11512416447873439,-0.78773648229729631,0.52086161235437034,0.94189849957496286,-0.78389308217755083,0.49799839968785042,0.95125267935548796,0.025000000000000001
0.11795415661229006,-0.76998379549470375,0.52475781857529624,0.94412729126003692,-0.76614114054876903,0.5018960730726314,0.95348536825367025,0.025000000000000001
0.12078414874584575,-0.75170669555699998,0.528769073486,0.94642192840600003,-0.74786559697436983,0.50590964627567114,0.95578631119631763,0.025000000000000001
0.1237975638459814,-0.73304688266451856,0.53286430798325934,0.94876462021744445,-0.72920754382613728,0.51000845508065151,0.95813845083464011,0.025000000000000001
0.12681097894611706,-0.71414644449114817,0.53701234226674077,0.95113749000822212,-0.71030980869733318,0.51416149589885873,0.96052463032410107,0.025000000000000001
0.12982439404625273,-0.69514724731400002,0.541182136536,0.95352279663100004,-0.69131427294065984,0.51833801532404689,0.96292778936769874,0.025000000000000001
0.1328575634512344,-0.67616224240451839,0.54534862427722219,0.9559062261025183,-0.67233419272800365,0.52251300548318991,0.96533385133031779,0.025000000000000001
0.135890732856216,-0.65719440799748141,0.54951150583444441,0.95828760797848145,-0.65337183133971588,0.52668601204083731,0.96774194066012575,0.025000000000000001
0.13892390226119761,-0.63821701049799995,0.55367652893099994,0.96067016601599997,-0.63440055458728628,0.5308625481957856,0.97015471691111232,0.025000000000000001
0.14197422526471773,-0.6192036072045185,0.55784932865196302,0.96305721981759251,-0.61539434432441098,0.53504791755237346,0.97257483494956887,0.025000000000000001
0.14502454826823788,-0.6001283058748148,0.56203576659603693,0.96545206281740736,-0.59632641495272165,0.53924790242179343,0.97500500794872125,0.025000000000000001
0.14807487127175803,-0.580964813232,0.56624156951899995,0.96785797119100003,-0.57717078264528343,0.54346798023865783,0.97744801256809899,0.025000000000000001
0.15126970822842778,-0.56162422426559255,0.57048616050885181,0.97028608486848145,-0.55783756172020305,0.54772671356032721,0.97991254465459343,0.025000000000000001
0.1544645451850975,-0.54176940581474076,0.57484369210981479,0.97277879401218503,-0.53798902129963477,0.55209575955576329,0.98243489300500042,0.025000000000000001
0.15765938214176722,-0.52100021362299997,0.57940193176300003,0.97538635253899997,-0.51722364600691617,0.55666051634190172,0.98505928180965541,0.025000000000000001
0.16148454619473449,-0.4989161857796296,0.58424864618559269,0.9781588607334446,-0.49513930040232934,0.5615065701198575,0.9878301124408827,0.025000000000000001
0.16530971024770166,-0.47511763738537038,0.58947164154574072,0.98114666710855558,-0.47133549289159399,0.56671964985167356,0.99079250794882379,0.025000000000000001
0.16913487430066895,-0.44920486450199998,0.59515880584699998,0.98439998626699998,-0.44541141677349327,0.57238579476676721,0.99399163375687594,0.025000000000000001
0.17266631229424806,-0.4282362970826406,0.59976069573876567,0.98703253249671874,-0.4244298770378539,0.57696445563034948,0.99656366958909148,0.025000000000000001
0.17619775028782725,-0.40625167511337501,0.60458562103412483,0.98979261971224997,-0.40242968030989468,0.58176107290504109,0.9992494860337171,0.025000000000000001
0.17972918828140644,-0.38364953162742188,0.60954609579767194,0.99263023778515647,-0.37981058719024868,0.58668971176856188,1.00200297301803,0.025000000000000001
0.18326062627498557,-0.36082839965800001,0.61455463409400002,0.99549537658700005,-0.35697091408223125,0.59166461241183699,1.0047779758176849,0.025000000000000001
0.18667737482044219,-0.33818645786526558,0.61952382416826579,0.99833795168689066,-0.33430913809259921,0.59659982188236726,1.0075279701545596,0.025000000000000001
0.19009412336589873,-0.31612257849162506,0.62436615521212491,1.001108001597125,-0.31222634859466925,0.601408642207935,1.0102059085217889,0.025000000000000001
0.19351087191135533,-0.2950350380459219,0.62899421205567185,1.0037554929695469,-0.29112072072865502,0.60600489806319713,1.0127649035859401,0.025000000000000001
0.19692762045681192,-0.27532211303699999,0.63332057952900001,1.0062303924560001,-0.27139184629914137,0.610301943255257,1.0151576151357049,0.025000000000000001
0.20040719946860169,-0.25156086589537041,0.63852432372525925,1.0092133474772222,-0.24764328331712049,0.61546522509790602,1.018041169457272,0.025000000000000001
0.20388677848039144,-0.23006573182462961,0.64316374125107412,1.0119106293957778,-0.22624091317514278,0.62005688306361417,1.0206538441420163,0.025000000000000001
0.20736635749218119,-0.20995162963899999,0.64736633300799995,1.014432296753,-0.20631000731278065,0.62420663253812558,1.0231137019564651,0.025000000000000001
0.21059060321854808,-0.19033172342677784,0.65125958323907407,1.0168883437985556,-0.18695204857692888,0.62804981433232721,1.0255419169008124,0.025000000000000001
0.21381484894491501,-0.17032068792855548,0.65497107225592588,1.0193889416734445,-0.16725017781187781,0.63172565367395794,1.0280620223893859,0.025000000000000001
0.21703909467128182,-0.14903259277299999,0.65862838745100005,1.022044143677,-0.14628027873329194,0.63537377959153707,1.030799014929221,0.025000000000000001
0.21999098914815862,-0.13178270054085936,0.66140254332824999,1.0241923311906249,-0.12924174470146044,0.63816618457972762,1.0330588377378944,0.025000000000000001
0.22294288362503539,-0.11346826881687501,0.66421285133250008,1.026470814729,-0.11109967930357847,0.64101739607488417,1.0354908133305254,0.025000000000000001
0.22589477810191216,-0.094241350328453127,0.6670540704015,1.0288609730408749,-0.092021392592748399,0.64391797604651013,1.0380692646216456,0.025000000000000001
0.22884667257878893,-0.074253997803000002,0.66992095947300001,1.031344184875,-0.072156157519379344,0.64686161582472168,1.0407710303080953,0.025000000000000001
0.23217641480298873,-0.053658062551890665,0.67280858449193748,1.0339017906420156,-0.051668131443084096,0.64984011941470665,1.0435707837976336,0.025000000000000001
0.23550615702718852,-0.032605854076625092,0.67571165916249998,1.0365152510616251,-0.030705545673226399,0.65284729633029703,1.0464454744976333,0.025000000000000001
0.23883589925138832,-0.011249482601296832,0.67862501982206247,1.0391659448826718,-0.0094238390549278711,0.65587579772994942,1.04937081949473,0.025000000000000001
0.24050077036348821,-0.0005047701836386493,0.6800839437531484,1.0404994351777481,0.0012890032588620116,0.65739580299840783,1.0508449736441441,0.025000000000000001
0.24216564147558811,0.010258941650000001,0.68154350280800002,1.0418352508540001,0.011879662913853537,0.65883212363583998,1.0521581300747851,0.025000000000000001
0.24348450954185666,0.018699521597750065,0.68239348228808339,1.0425243400968334,0.020135715454418081,0.65971007094713585,1.0529358621841551,0.025000000000000001
0.24480337760812509,0.0271400105125,0.6832434511008334,1.0432134877718333,0.028562749350149345,0.66060788339949006,1.0537304459595904,0.025000000000000001
0.24612224567439356,0.035580364165999939,0.68409345568483337,1.0439026706595833,0.036989618546885164,0.66150681178846438,1.0545260861892363,0.025000000000000001
0.24744111374066202,0.044020538329999997,0.68494354248,1.0445918655399999,0.045414119866862251,0.6624066891371917,1.0553225462084173,0.025000000000000001
0.25007886100712351,0.060901585114500098,0.68664348951612508,1.0459701387875,0.062266593792255125,0.6642101265310566,1.056919116018314,0.025000000000000001
0.2513977346403542,0.069341946222593792,0.68749350008123433,1.0466592960068124,0.070567597904588511,0.66510050788148567,1.0577069727522548,0.025000000000000001
0.25205717145696954,0.073562115230472694,0.68791850495066209,1.0470038841190861,0.074474445528024305,0.66551691389242673,1.0580677726603083,0.025000000000000001
0.25271660827358489,0.077782287598000002,0.68834350585899995,1.0473484802249999,0.078393889025000649,0.66581957068128927,1.0582055110700685,0.025000000000000001
0.25443764035217675,0.0886729026967919,0.68869313374437968,1.0482268082327315,0.088544638375118057,0.66605031346231491,1.058823220217195,0.025000000000000001
0.25615867243076867,0.099593991019333472,0.68903996578437054,1.049099507008852,0.099482518015297214,0.66629804251747515,1.0594817383189774,0.025000000000000001
0.25960073658795241,0.12165020542466654,0.68971393296929628,1.0508054754658147,0.1215744045959927,0.66678709834715999,1.0607731042544424,0.025000000000000001
0.26304280074513614,0.144196166992,0.69034278869599996,1.052421302795,0.1441478116192221,0.66725651146488896,1.0620140687304171,0.025000000000000001
0.26682089805178105,0.16747667472422234,0.69090396254370368,1.0539018297314817,0.16743620876223592,0.66769157755598441,1.0631853359356993,0.025000000000000001
0.27059899535842585,0.19173664887244435,0.69137488105829625,1.0552019805988517,0.19169169732495947,0.66807672713633481,1.06426807028638,0.025000000000000001
0.27437709266507088,0.21722091674800001,0.69173309326200005,1.0562766647340001,0.21715877663552541,0.66839563583327899,1.06524099191873,0.025000000000000001
0.27762366085285595,0.23724629780806233,0.69191704127203124,1.0569137735362812,0.23716727689407599,0.66858321588089542,1.0658874168054462,0.025000000000000001
0.28087022904064107,0.25797012999825003,0.69203324524050003,1.0574166666107501,0.25787440283433366,0.66872717535835446,1.0664619897120209,0.025000000000000001
0.28411679722842631,0.27926463754581271,0.69208999135321869,1.0578033360600936,0.27915442924570938,0.66883036894010506,1.066967274061754,0.025000000000000001
0.28736336541621144,0.30100204467800001,0.69209556579599996,1.0580917739869999,0.30087944047981185,0.66889581577417867,1.067406092221975,0.025000000000000001
0.29080441500930354,0.32305468257771869,0.69205822528343763,1.0582998659702032,0.32292184927069029,0.66892641102685213,1.0677815059756552,0.025000000000000001
0.29424546460239565,0.34529438759374981,0.69198638287225012,1.0584456832241251,0.34515282532284247,0.66892501813290584,1.0680972841877518,0.025000000000000001
0.29768651419548775,0.36759338837590638,0.69188835570843754,1.0585471924199843,0.36744486122691911,0.66889422225495709,1.0683577863368761,0.025000000000000001
0.30112756378857986,0.38982391357399998,0.69177246093800004,1.0586223602289999,0.38966695882673213,0.6688364706771629,1.0685679980508891,0.025000000000000001
0.30447825351302821,0.41187094975623451,0.69164435647750022,1.0586863959664219,0.41170187350438947,0.66875278372046365,1.0687336497150519,0.025000000000000001
0.30782894323747662,0.43366959093262486,0.69149903852850003,1.0587438388448749,0.43347888894933667,0.66863837143525329,1.0688608310700458,0.025000000000000001
0.31117963296192491,0.45516766973595302,0.69132891750199998,1.0587963418998905,0.45494541407877198,0.66848727845590394,1.0689555804284092,0.025000000000000001
0.31453032268637321,0.47631301879900001,0.69112640380900003,1.058845558167,0.47604847393407407,0.6682936651499185,1.0690237731690135,0.025000000000000001
0.3176305153460951,0.49705404698073435,0.6908838781454063,1.0588933300705154,0.49673541712589897,0.66805164169355935,1.0690711222226097,0.025000000000000001
0.32073070800581693,0.51733820820887488,0.69059365213175006,1.0589413185958751,0.51695269872456162,0.66775538777161125,1.0691032604898014,0.025000000000000001
0.32383090066553877,0.53711343684132828,0.69024818483021877,1.058991256389797,0.53664664987216715,0.66739915569360875,1.0691255534543667,0.025000000000000001
0.3269310933252606,0.55632766723600002,0.68983993530300003,1.0590448760990001,0.55576305000589177,0.66697719788765453,1.0691432146964579,0.025000000000000001
0.33054492660107276,0.58097380921640729,0.68919132717125942,1.0591236516337781,0.58026932119387753,0.6663079784307574,1.0691663627575734,0.025000000000000001
0.33415875987688498,0.60434455085392602,0.68844013925174075,1.0592079258518887,0.60350372280401376,0.66553474182835992,1.0691896980759132,0.025000000000000001
0.3377725931526972,0.62625411987299995,0.68760910034199996,1.0592935943599999,0.62527635148404259,0.66468172827421068,1.0692122424248738,0.025000000000000001
0.34062264617634835,0.64651725226911094,0.68672075321955561,1.0593765416472591,0.64539950644921351,0.6637730353107546,1.069233158052693,0.025000000000000001
0.34347269919999962,0.66494808402255567,0.68579786626044448,1.0594526871614074,0.66368047753192994,0.66283305241435131,1.0692511819662185,0.025000000000000001
0.34632275222365067,0.68136108398399997,0.68486320495599995,1.0595180129999999,0.6799261287395143,0.6618863978064784,1.0692651785644207,0.025000000000000001
0.34930397432047788,0.70217777433862483,0.68345814827150009,1.0595900851375,0.70041162558870407,0.66047860038231165,1.0692762143152947,0.025000000000000001
0.35228519641730505,0.719727630615,0.68197166442900004,1.0596356964110001,0.71753000793868182,0.65900897663543612,1.0692734048329058,0.025000000000000001
0.35478559197135334,0.73570211557250009,0.68029778518975004,1.0596621292588748,0.73306500273645381,0.6573621015069242,1.0692537948754191,0.025000000000000001
0.35728598752540169,0.75179153442400004,0.67833084106399999,1.0596765518189999,0.74883776194781315,0.65541069397463836,1.0692129073612731,0.025000000000000001
0.36009903769567975,0.76927111112137492,0.67599252498187501,1.059685092269625,0.76608274353952022,0.65307343811493912,1.0691481650247188,0.025000000000000001
0.36291208786595774,0.78774978637699999,0.67331680297899998,1.059689369202,0.78428860403475464,0.6503997613130057,1.0690611004035728,0.025000000000000001
0.3657971306976312,0.80642105046662527,0.67036503466962494,1.0596898114548752,0.80261999084994229,0.64745863704644335,1.0689552706685654,0.025000000000000001
0.36868217352930466,0.82447799682599998,0.66719879150399997,1.0596870040890001,0.82022256048048003,0.64432489339046661,1.0688344509526149,0.025000000000000001
0.37122220973042402,0.84124308883049992,0.66387723789987496,1.0596814629273752,0.8364376592077738,0.64106521511061731,1.0687102588858122,0.025000000000000001
0.37376224593154345,0.85655563354499997,0.66044998168900004,1.059674530029,0.8511579550766456,0.63772753059169773,1.0685938902697509,0.025000000000000001
0.37585910639103398,0.87038459973437521,0.65696423457224995,1.05966763199475,0.86434101339862179,0.63436689830753845,1.0684900586162498,0.025000000000000001
0.37795596685052463,0.88269851684599998,0.65346740722700003,1.05966217041,0.87592872422502333,0.63104412385417552,1.0684009397590315,0.025000000000000001
0.38131126888179279,0.903214111328,0.64655410766599997,1.0596582031249999,0.89503202940049631,0.62455961061047383,1.0682776908685243,0.025000000000000001
0.38421196432902704,0.92063751220699996,0.63971286773699998,1.059659957886,0.91184044511941453,0.61793730702726291,1.0682294701034694,0.025000000000000001
0.38711507391454048,0.93789657592800002,0.63242946624800001,1.059662818909,0.92813495776278676,0.61102865739231504,1.0681313506897732,0.025000000000000001
0.39049470058170993,0.95726364135700004,0.62242019653299996,1.0596671295169999,0.94541824479737568,0.60205056052935013,1.068019644668901,0.025000000000000001
0.39256944461776333,0.96826666024987496,0.61566964558162507,1.0596700862564998,0.95553541989363056,0.59583485624967569,1.0680065495429314,0.025000000000000001
0.39464418865381679,0.97980941772499996,0.60798381805400004,1.059672622681,0.96644900792624078,0.58857089129826079,1.0680175414157642,0.025000000000000001
0.39681406504144312,0.99137823419275029,0.59979027905312499,1.0596737685570001,0.97751408574306087,0.58074158769474615,1.0680363436232225,0.025000000000000001
0.39898394142906946,1.002458648682,0.59151672363300001,1.059672355652,0.98813446917701486,0.57281765045111999,1.0680486605695618,0.025000000000000001
0.40093805673700028,1.0126560619202498,0.58349070273050008,1.0596656431818749,0.99783343253571477,0.56518323700871576,1.068039790022868,0.025000000000000001
0.40289217204493105,1.0220504760739999,0.57563987731900002,1.0596444320680001,1.0066716621683773,0.55779034964480689,1.0680042427774943,0.025000000000000001
0.4065165830922533,1.0392291259769999,0.55977394104,1.0595148468019999,1.0227072083678255,0.54295992162970319,1.0678404088757423,0.025000000000000001
0.41012246285297443,1.055236663818,0.54289241790800002,1.0592410278319999,1.0377045757217072,0.52713213013623483,1.0675620377083228,0.025000000000000001
0.41366261522455761,1.0698988342289999,0.52537956237799999,1.0589587783809999,1.0514192780720124,0.51075472333401573,1.0673026425880492,0.025000000000000001
0.41703674759756132,1.082877655029,0.50789981841999998,1.058804702759,1.0636630826112266,0.49427440522410415,1.067180161533434,0.025000000000000001
0.42024548329620687,1.094593811035,0.49082691192599998,1.0587412261960001,1.0750682038629937,0.47766127493390781,1.0671326901292415,0.025000000000000001
0.42331792288014702,1.1055334472659999,0.47429111480699998,1.0587096786500001,1.0857228283583733,0.46153809832135823,1.0670702964435963,0.025000000000000001
0.42632702216459006,1.1156856536869999,0.45773994445799998,1.0587417221069999,1.0952521105872379,0.44596650245404579,1.0670396956582686,0.025000000000000001
0.42936142111860942,1.125009536743,0.44052345275900001,1.0588692092900001,1.1039469555088279,0.42986894894650912,1.0671062728214751,0.025000000000000001
0.43250177876778156,1.133840560913,0.42228519439700002,1.0590346527100001,1.1123767011430217,0.41241294346928992,1.0672103105803354,0.025000000000000001
0.43582711693940612,1.1425746917720001,0.40268493652300003,1.0591691589359999,1.1208221173288955,0.39339606567376256,1.0672649837164121,0.025000000000000001
0.43943719470125919,1.151471176147,0.38115447998000002,1.059247589111,1.1294618839316193,0.37239525163354936,1.0672392705120328,0.025000000000000001
0.44144016219530563,1.156051450876125,0.3694652846619999,1.0592622325884999,1.1339251761469267,0.36094767600254102,1.0671918168215633,0.025000000000000001
0.4434431296893519,1.1607600402830001,0.35703010559100001,1.059263496399,1.1385209939144649,0.34874537029370672,1.0671240290867523,0.025000000000000001
0.44571118710244939,1.16562873910225,0.34374172168800005,1.0592554589157501,1.1432824163840842,0.33567627615335111,1.0670394453018426,0.025000000000000001
0.44797924451554694,1.1706888580320001,0.32949302673300002,1.0592424011229999,1.148241060123631,0.32163078416103252,1.066941849259476,0.025000000000000001
0.4505427923022427,1.175940711332125,0.31423362323225018,1.059227763864375,1.1533818890712164,0.3066025052899915,1.0668347054764327,0.025000000000000001
0.45310634008893846,1.1812586212159999,0.29814100265499999,1.0592124938959999,1.1585661752449719,0.29081612513034893,1.0667224234327719,0.025000000000000001
0.4558382520924445,1.1864857404661249,0.28144941930812484,1.0591967384281251,1.1636396339184167,0.27451384100877152,1.066609776994168,0.025000000000000001
0.45857016409595036,1.191465072632,0.264393215179,1.0591808700559999,1.1684474670255725,0.25794391036859782,1.066501817712729,0.025000000000000001
0.46132981228728265,1.1960684325667501,0.24717701737262501,1.059164914491125,1.1728842041067806,0.24125321025219579,1.0664037016791954,0.025000000000000001
0.46408946047861488,1.2002816772460001,0.22988708496099999,1.0591492462159999,1.1769542311296408,0.22445860083992381,1.0663159610859714,0.025000000000000001
0.46682777931342867,1.2041197327552502,0.21258001600000001,1.0591339055433751,1.1806692817958573,0.20761817231786117,1.0662371755749369,0.025000000000000001
0.46956609814824246,1.2075970458980001,0.19531242370599999,1.0591191864009999,1.1840405149747015,0.19079215471242389,1.0661659594160007,0.025000000000000001
0.47225645767937385,1.2107265145435,0.17813797381337501,1.0591048399956251,1.1870767824741777,0.17404518378630426,1.0661004982805236,0.025000000000000001
0.47494681721050513,1.213512878418,0.16109867095899999,1.0590900039669999,1.1897796287474762,0.15743155285562951,1.0660387519625116,0.025000000000000001
0.47756772099110245,1.2159589668246249,0.1442335391655,1.0590731905840001,1.1921511863613168,0.14099253888444827,1.065978659552298,0.025000000000000001
0.48018862477169988,1.218067626953,0.12758168220499999,1.0590532684330001,1.1941936340586179,0.12477013742291418,1.0659182284279658,0.025000000000000001
0.48272841907191533,1.21984636705025,0.111168499866,1.0590285546440001,1.1959158187817154,0.10877684388501634,1.0658556212552437,0.025000000000000001
0.48526821337213089,1.221320266724,0.094965066910000007,1.0589970397949999,1.1973433795434381,0.092968575888497218,1.0657884242551485,0.025000000000000001
0.48774924844378575,1.2225190317065002,0.078928779018624828,1.05895632544725,1.1985048731743295,0.07729830476163875,1.0657136727349956,0.025000000000000001
0.49023028351544062,1.223472290039,0.063017082214,1.0589041519169999,1.1994285912993239,0.061718850882512735,1.0656283727271849,0.025000000000000001
0.49267993115742353,1.2242054355887499,0.047191056178875,1.0588408563775,1.2001378308508925,0.04620885543402458,1.0655330670193279,0.025000000000000001
0.4951295787994065,1.2247255706789999,0.031426537036999998,1.058778076172,1.2006392733995288,0.030768095318781635,1.0654426645039272,0.025000000000000001
0.49756478939970311,1.2250356742663751,0.015703017908125179,1.05872986238075,1.2009373308545477,0.015371792929630229,1.0653751716142936,0.025000000000000001
0.49999999999999983,1.225138320923,0,1.0587106704710001,1.2010356753512914,5.3620305725002805e-07,1.0653486276963307,0.025000000000000001
0.50243521060029661,1.2250356742663751,-0.015703017908124641,1.05872986238075,1.2009373308558611,-0.01537179292964933,1.0653751716139317,0.025000000000000001
0.50487042120059311,1.2247255706789999,-0.031426537036999998,1.058778076172,1.2006392896173088,-0.03076746859571829,1.0654426611742995,0.025000000000000001
0.5073200688425763,1.2242054355887499,-0.047191056178875,1.0588408563775,1.2001378308493353,-0.046208855433968077,1.0655330670197609,0.025000000000000001
0.50976971648455915,1.223472290039,-0.063017082214,1.0589041519169999,1.1994286140917847,-0.061718415482945418,1.0656283701610074,0.025000000000000001
0.51225075155621402,1.2225190317065,-0.07892877901862537,1.05895632544725,1.1985048757840422,-0.077298265502038596,1.0657136725351528,0.025000000000000001
0.51473178662786889,1.221320266724,-0.094965066910000007,1.0589970397949999,1.1973433457643867,-0.09296898787514897,1.0657884261053037,0.025000000000000001
0.51727158092808445,1.21984636705025,-0.111168499866,1.0590285546440001,1.1959158187828562,-0.1087768438851395,1.0658556212549182,0.025000000000000001
0.5198113752282999,1.218067626953,-0.12758168220499999,1.0590532684330001,1.1941937520989978,-0.12476912594484429,1.0659182245846128,0.025000000000000001
0.52243227900889744,1.2159589668246251,-0.14423353916550036,1.0590731905840001,1.1921511863614926,-0.14099253888446361,1.0659786595522471,0.025000000000000001
0.52505318278949475,1.213512878418,-0.16109867095899999,1.0590900039669999,1.1897795882488231,-0.15743181680715851,1.066038752929793,0.025000000000000001
0.52774354232062604,1.2107265145434998,-0.17813797381337532,1.0591048399956249,1.1870767735574728,-0.1740452356488672,1.0661004984769693,0.025000000000000001
0.53043390185175743,1.2075970458980001,-0.19531242370599999,1.0591191864009999,1.1840406111208028,-0.19079165051753944,1.0661659573755227,0.025000000000000001
0.53317222068657111,1.2041197327552502,-0.21258001599999998,1.0591339055433751,1.1806692817962847,-0.20761817231790561,1.0662371755748101,0.025000000000000001
0.5359105395213849,1.2002816772460001,-0.22988708496099999,1.0591492462159999,1.1769543487545959,-0.22445809209474185,1.0663159585769533,0.025000000000000001
0.53867018771271702,1.1960684325667503,-0.24717701737262468,1.0591649144911253,1.1728842041037548,-0.24125321025142496,1.0664037016801389,0.025000000000000001
0.54142983590404936,1.191465072632,-0.264393215179,1.0591808700559999,1.1684475220673312,-0.25794371251825643,1.0665018164775235,0.025000000000000001
0.54416174790755534,1.1864857404661249,-0.281449419308125,1.0591967384281249,1.1636396618805436,-0.27451374822625102,1.0666097763684961,0.025000000000000001
0.5468936599110612,1.1812586212159999,-0.29814100265499999,1.0592124938959999,1.1585662444750868,-0.29081590911434585,1.0667224219116422,0.025000000000000001
0.54945720769775708,1.175940711332125,-0.31423362323225035,1.059227763864375,1.1533818890712109,-0.30660250529002753,1.0668347054764309,0.025000000000000001
0.55202075548445295,1.1706888580320001,-0.32949302673300002,1.0592424011229999,1.1482411816495863,-0.32163043477761843,1.0669418467890921,0.025000000000000001
0.55428881289755039,1.16562873910225,-0.34374172168799999,1.0592554589157501,1.1432824163846278,-0.33567627615353718,1.0670394453016545,0.025000000000000001
0.55655687031064793,1.1607600402830001,-0.35703010559100001,1.059263496399,1.1385211665279036,-0.34874490426008503,1.0671240262470112,0.025000000000000001
0.5585598378046942,1.156051450876125,-0.36946528466200002,1.0592622325884999,1.1339251761469109,-0.36094767600255051,1.0671918168215671,0.025000000000000001
0.56056280529874047,1.151471176147,-0.38115447998000002,1.059247589111,1.1294623437408884,-0.37239409292944398,1.0672392667536474,0.025000000000000001
0.56417288306059377,1.1425746917720001,-0.40268493652300003,1.0591691589359999,1.1208220038172569,-0.39339633130310847,1.0672649834883092,0.025000000000000001
0.56749822123221816,1.133840560913,-0.42228519439700002,1.0590346527100001,1.1123774445551817,-0.41241133383820772,1.0672103184385049,0.025000000000000001
0.57063857888139036,1.125009536743,-0.44052345275900001,1.0588692092900001,1.1039469125833072,-0.42986903340884608,1.0671062723096374,0.025000000000000001
0.5736729778354096,1.1156856536869999,-0.45773994445799998,1.0587417221069999,1.0952525879319586,-0.44596567463850817,1.0670396965244311,0.025000000000000001
0.57668207711985264,1.1055334472659999,-0.47429111480699998,1.0587096786500001,1.0857228389679965,-0.46153808179377276,1.0670702963788306,0.025000000000000001
0.57975451670379297,1.094593811035,-0.49082691192599998,1.0587412261960001,1.0750690414060122,-0.47766003061893125,1.0671326865801125,0.025000000000000001
0.5829632524024384,1.082877655029,-0.50789981841999998,1.058804702759,1.0636635247062134,-0.49427378023223195,1.067180158979157,0.025000000000000001
0.58633738477544206,1.0698988342289999,-0.52537956237799999,1.0589587783809999,1.0514196892072012,-0.5107542003221498,1.0673026364062552,0.025000000000000001
0.58987753714702529,1.055236663818,-0.54289241790800002,1.0592410278319999,1.037703825114082,-0.52713297330038322,1.0675620531088761,0.025000000000000001
0.59348341690774631,1.0392291259769999,-0.55977394104,1.0595148468019999,1.0227080408111124,-0.54295909742455484,1.0678403962255696,0.025000000000000001
0.59710782795506867,1.0220504760739999,-0.57563987731900002,1.0596444320680001,1.006671184595219,-0.55779076246753623,1.0680042455624332,0.025000000000000001
0.59906194326299966,1.0126560619202496,-0.5834907027305003,1.0596656431818749,0.99783343253372458,-0.56518323700625472,1.0680397900239942,0.025000000000000001
0.60101605857093043,1.002458648682,-0.59151672363300001,1.059672355652,0.98813537953363273,-0.5728169532677615,1.0680486608958824,0.025000000000000001
0.60318593495855666,0.99137823419275006,-0.5997902790531251,1.0596737685569999,0.97751396553826331,-0.58074167509959329,1.0680363434254792,0.025000000000000001
0.60535581134618299,0.97980941772499996,-0.60798381805400004,1.059672622681,0.96644927844280404,-0.58857070554820046,1.0680175417670896,0.025000000000000001
0.60743055538223634,0.96826666024987529,-0.61566964558162474,1.0596700862565001,0.95553541989506829,-0.59583485625249633,1.0680065495418152,0.025000000000000001
0.60950529941828968,0.95726364135700004,-0.62242019653299996,1.0596671295169999,0.94541826714849519,-0.60205054773809763,1.0680196445215824,0.025000000000000001
0.61288492608545908,0.93789657592800002,-0.63242946624800001,1.059662818909,0.92813494356453186,-0.61102866391138022,1.0681313508065144,0.025000000000000001
0.61578803567097262,0.92063751220699996,-0.63971286773699998,1.059659957886,0.91184165902087577,-0.61793681557278402,1.0682294674893589,0.025000000000000001
0.61868873111820688,0.903214111328,-0.64655410766599997,1.0596582031249999,0.89503190398264565,-0.62455965751250697,1.0682776914940475,0.025000000000000001
0.6220440331494751,0.88269851684599998,-0.65346740722700003,1.05966217041,0.87592943582458294,-0.63104390696006929,1.0684009344363536,0.025000000000000001
0.62414089360896585,0.87038459973437488,-0.65696423457224995,1.05966763199475,0.86434101340131131,-0.63436689831752791,1.0684900586123607,0.025000000000000001
0.62623775406845628,0.85655563354499997,-0.66044998168900004,1.059674530029,0.85115784151192464,-0.6377275579201731,1.0685938911688362,0.025000000000000001
0.6287777902695757,0.84124308883050003,-0.66387723789987507,1.0596814629273752,0.83643765920948743,-0.64106521511996872,1.0687102588821475,0.025000000000000001
0.63131782647069512,0.82447799682599998,-0.66719879150399997,1.0596870040890001,0.82022257741135007,-0.64432489019745787,1.0688344508246248,0.025000000000000001
0.63420286930236847,0.80642105046662493,-0.67036503466962505,1.059689811454875,0.80262091859858276,-0.647458480750978,1.0689552648357825,0.025000000000000001
0.63708791213404203,0.78774978637699999,-0.67331680297899998,1.059689369202,0.78428897387592256,-0.65039970466353914,1.0690610984615743,0.025000000000000001
0.63990096230432014,0.7692711111213747,-0.67599252498187523,1.0596850922696253,0.76608274353947536,-0.65307343811450225,1.069148165024898,0.025000000000000001
0.64271401247459825,0.75179153442400004,-0.67833084106399999,1.0596765518189999,0.74883768222449953,-0.65541070427368142,1.0692129076485883,0.025000000000000001
0.64521440802864649,0.73570211557249998,-0.68029778518975004,1.059662129258875,0.73306500273649233,-0.65736210150726115,1.0692537948752781,0.025000000000000001
0.64771480358269462,0.719727630615,-0.68197166442900004,1.0596356964110001,0.7175304085361025,-0.65900893819117878,1.0692734045723926,0.025000000000000001
0.65069602567952167,0.70217777433862494,-0.68345814827149998,1.0595900851375,0.70041162552046143,-0.66047860046885265,1.0692762142812058,0.025000000000000001
0.65367724777634895,0.68136108398399997,-0.68486320495599995,1.0595180129999999,0.67992615440155524,-0.66188639616494016,1.0692651786041931,0.025000000000000001
0.65652730079999999,0.66494808402255567,-0.68579786626044437,1.0594526871614072,0.66368047754063886,-0.66283305244006008,1.0692511819550852,0.025000000000000001
0.65937735382365126,0.64651725226911083,-0.68672075321955561,1.0593765416472591,0.64539950644921518,-0.66377303531083875,1.0692331580526568,0.025000000000000001
0.66222740684730252,0.62625411987299995,-0.68760910034199996,1.0592935943599999,0.62527639085271558,-0.66468172657843283,1.06921224248103,0.025000000000000001
0.66584124012311474,0.60434455085392624,-0.68844013925174075,1.0592079258518889,0.60350372280400943,-0.66553474182822114,1.0691896980759739,0.025000000000000001
0.66945507339892674,0.58097380921640718,-0.68919132717125919,1.0591236516337776,0.58026932119553487,-0.66630797848397583,1.0691663627342103,0.025000000000000001
0.67306890667473895,0.55632766723600002,-0.68983993530300003,1.0590448760990001,0.5557630408464731,-0.66697719810517619,1.0691432146903168,0.025000000000000001
0.67616909933446101,0.53711343684132773,-0.69024818483021877,1.0589912563897967,0.53664664987215205,-0.66739915569298514,1.0691255534546433,0.025000000000000001
0.67926929199418284,0.51733820820887511,-0.69059365213175006,1.0589413185958751,0.5169526987245564,-0.66775538777130261,1.0691032604899389,0.025000000000000001
0.68236948465390468,0.4970540469807348,-0.6908838781454063,1.0588933300705157,0.49673541712511754,-0.66805164169133491,1.0690711222236045,0.025000000000000001
0.68546967731362651,0.47631301879900001,-0.69112640380900003,1.058845558167,0.47604864688242104,-0.66829366341378182,1.0690237736135342,0.025000000000000001
0.6888203670380747,0.45516766973595335,-0.69132891750199998,1.0587963418998905,0.45494541407879618,-0.66848727845823086,1.0689555804273738,0.025000000000000001
0.69217105676252311,0.43366959093262464,-0.69149903852850003,1.0587438388448749,0.433478888949348,-0.66863837143620952,1.0688608310696224,0.025000000000000001
0.69552174648697151,0.41187094975623423,-0.6916443564775,1.0586863959664219,0.41170232984185728,-0.66875278166260388,1.068733652749825,0.025000000000000001
0.69887243621141992,0.38982391357399998,-0.69177246093800004,1.0586223602289999,0.38966716610574631,-0.66883647001790225,1.0685679998004112,0.025000000000000001
0.70231348580451192,0.36759338837590627,-0.69188835570843754,1.0585471924199843,0.36744486122638181,-0.6688942221578732,1.068357786378362,0.025000000000000001
0.70575453539760402,0.34529438759375003,-0.69198638287225012,1.0584456832241251,0.34515282532286601,-0.66892501813660277,1.0680972841862013,0.025000000000000001
0.70919558499069613,0.32305468257771874,-0.69205822528343752,1.058299865970203,0.32292184927068202,-0.66892641102527073,1.0677815059763054,0.025000000000000001
0.71263663458378823,0.30100204467800001,-0.69209556579599996,1.0580917739869999,0.30088060309440845,-0.66889581801138176,1.0674061139202056,0.025000000000000001
0.71588320277157336,0.27926463754581266,-0.69208999135321858,1.0578033360600936,0.27915536729155122,-0.66883037261367762,1.0669672946042748,0.025000000000000001
0.71912977095935848,0.25797012999825036,-0.69203324524049992,1.0574166666107501,0.25787440283431551,-0.66872717535712967,1.0664619897124978,0.025000000000000001
0.72237633914714361,0.23724629780806233,-0.69191704127203124,1.0569137735362812,0.23716693894423918,-0.66858321312967939,1.0658874066917494,0.025000000000000001
0.72562290733492874,0.21722091674800001,-0.69173309326200005,1.0562766647340001,0.217158671618531,-0.66839563472162433,1.0652409882562728,0.025000000000000001
0.72940100464157365,0.19173664887244424,-0.69137488105829648,1.055201980598852,0.19169169727727928,-0.66807672713427502,1.0642680702849361,0.025000000000000001
0.73317910194821867,0.16747667472422248,-0.69090396254370368,1.0539018297314815,0.1674362087619011,-0.6676915775512221,1.0631853359375851,0.025000000000000001
0.73695719925486347,0.144196166992,-0.69034278869599996,1.052421302795,0.14414801457283891,-0.66725651550168619,1.062014079448854,0.025000000000000001
0.7403992634120472,0.12165020542466692,-0.68971393296929628,1.0508054754658149,0.12157440469221135,-0.66678709835635219,1.0607731042568511,0.025000000000000001
0.74384132756923116,0.099593991019333097,-0.68903996578437032,1.0490995070088518,0.09948251827315624,-0.6662980425184728,1.0594817383365578,0.025000000000000001
0.74556235964782303,0.088672902696791553,-0.68869313374437968,1.0482268082327315,0.088544638375432999,-0.66605031346189036,1.0588232202174135,0.025000000000000001
0.74728339172641489,0.077782287598000002,-0.68834350585899995,1.0473484802249999,0.078393462853437831,-0.66581963379216924,1.0582054506821683,0.025000000000000001
0.74794282854303007,0.073562115230473013,-0.68791850495066209,1.0470038841190858,0.074472870760929955,-0.66551681645299843,1.0580677061068369,0.025000000000000001
0.74860226535964547,0.069341946222593751,-0.68749350008123433,1.0466592960068124,0.070565570101216696,-0.66510029965750006,1.0577067756026375,0.025000000000000001
0.74992113899287616,0.060901585114500001,-0.68664348951612497,1.0459701387875,0.062268809760232136,-0.6642103640851994,1.0569193261916621,0.025000000000000001
0.75255888625933753,0.044020538329999997,-0.68494354248,1.0445918655399999,0.045413651833299984,-0.66240663910981401,1.055322501933045,0.025000000000000001
0.75387775432560611,0.035580364166000043,-0.68409345568483337,1.0439026706595833,0.036989746105066147,-0.66150682546581208,1.054526098212953,0.025000000000000001
0.75519662239187435,0.027140010512500239,-0.6832434511008334,1.0432134877718333,0.028562877140611086,-0.660607897023619,1.053730458016529,0.025000000000000001
0.75651549045814304,0.018699521597749784,-0.68239348228808328,1.0425243400968334,0.020135843126747589,-0.65971008458039582,1.0529358741967307,0.025000000000000001
0.75783435852441161,0.010258941650000001,-0.68154350280800002,1.0418352508540001,0.011879662956543368,-0.65883212364065202,1.0521581300786818,0.025000000000000001
0.7594992296365114,-0.00050477018363867185,-0.68008394375314851,1.0404994351777481,0.00128900326019134,-0.65739580298347222,1.0508449736509888,0.025000000000000001
0.76116410074861129,-0.011249482601296875,-0.67862501982206247,1.0391659448826718,-0.0094238390540912226,-0.65587579771880611,1.0493708194997229,0.025000000000000001
0.76449384297281109,-0.032605854076625002,-0.67571165916250009,1.0365152510616251,-0.030705545673928285,-0.65284729634059435,1.0464454744931828,0.025000000000000001
0.76782358519701088,-0.053658062551890623,-0.67280858449193759,1.0339017906420156,-0.051668131443983537,-0.64984011941918574,1.0435707837956432,0.025000000000000001
0.77115332742121068,-0.074253997803000002,-0.66992095947300001,1.031344184875,-0.072155796467545469,-0.64686166880739793,1.0407710795230363,0.025000000000000001
0.77410522189808739,-0.094241350328453502,-0.6670540704015,1.0288609730408751,-0.092019142427462411,-0.64391831352686824,1.038069569727722,0.025000000000000001
0.77705711637496433,-0.113468268816875,-0.66421285133250008,1.0264708147289998,-0.11110174466764534,-0.6410170771302981,1.0354905352754564,0.025000000000000001
0.78000901085184082,-0.13178270054085905,-0.66140254332825021,1.0241923311906249,-0.12923993927732991,-0.63816647393943493,1.0330590785636116,0.025000000000000001
0.78296090532871776,-0.14903259277299999,-0.65862838745100005,1.022044143677,-0.14628051708285991,-0.63537373956833476,1.0307989835183393,0.025000000000000001
0.78618515105508469,-0.17032068792855534,-0.65497107225592599,1.0193889416734447,-0.16725017781172186,-0.63172565367302358,1.0280620223897428,0.025000000000000001
0.78940939678145139,-0.19033172342677801,-0.65125958323907407,1.0168883437985556,-0.18695204857727069,-0.62804981433885343,1.0255419168984843,0.025000000000000001
0.79263364250781831,-0.20995162963899999,-0.64736633300799995,1.014432296753,-0.20631005603461483,-0.62420662260786353,1.0231136958981579,0.025000000000000001
0.79611322151960817,-0.23006573182462961,-0.64316374125107401,1.0119106293957776,-0.22624091317498546,-0.62005688306232343,1.0206538441424957,0.025000000000000001
0.79959280053139781,-0.25156086589537036,-0.63852432372525925,1.0092133474772222,-0.2476425696639159,-0.61546537958928593,1.0180412562725112,0.025000000000000001
0.80307237954318744,-0.27532211303699999,-0.63332057952900001,1.0062303924560001,-0.27139163068850519,-0.61030199022219522,1.0151576412892853,0.025000000000000001
0.80648912808864415,-0.2950350380459219,-0.62899421205567185,1.0037554929695469,-0.29112072072858336,-0.60600489806037927,1.0127649035869666,0.025000000000000001
0.80990587663410074,-0.31612257849162501,-0.62436615521212513,1.0011080015971252,-0.31222634859480564,-0.60140864220897883,1.0102059085213821,0.025000000000000001
0.81332262517955733,-0.33818645786526563,-0.61952382416826557,0.99833795168689066,-0.33430913809295132,-0.59659982188358851,1.0075279701540394,0.025000000000000001
0.81673937372501393,-0.36082839965800001,-0.61455463409400002,0.99549537658700005,-0.35697073182426314,-0.59166465204761776,1.0047779979679392,0.025000000000000001
0.82027081171859306,-0.38364953162742177,-0.60954609579767205,0.99263023778515647,-0.37981058719035743,-0.58668971176846985,1.0020029730180426,0.025000000000000001
0.8238022497121722,-0.40625167511337462,-0.60458562103412505,0.98979261971224997,-0.40243017573672057,-0.58176096491715112,0.99924942565137542,0.025000000000000001
0.82733368770575155,-0.42823629708264083,-0.59976069573876556,0.98703253249671885,-0.4244298770377003,-0.57696445562741927,0.99656366959024767,0.025000000000000001
0.83086512569933046,-0.44920486450199998,-0.59515880584699998,0.98439998626699998,-0.44541152974745091,-0.57238577014424097,0.99399161985389162,0.025000000000000001
0.83469028975229798,-0.47511763738537055,-0.58947164154574061,0.98114666710855547,-0.47133549289163906,-0.56671964985170964,0.99079250794880036,0.025000000000000001
0.83851545380526515,-0.49891618577962937,-0.58424864618559269,0.97815886073344438,-0.49513930040206799,-0.56150657011808669,0.98783011244162855,0.025000000000000001
0.84234061785823233,-0.52100021362299997,-0.57940193176300003,0.97538635253899997,-0.51722348463781653,-0.55666055178276208,0.98505930213421455,0.025000000000000001
0.845535454814902,-0.54176940581474098,-0.57484369210981479,0.97277879401218526,-0.53798902129455894,-0.55209575953788126,0.98243489301304243,0.025000000000000001
0.84873029177157189,-0.56162422426559244,-0.57048616050885192,0.97028608486848156,-0.5578378048468613,-0.54772666001656223,0.979912513696507,0.025000000000000001
0.85192512872824155,-0.580964813232,-0.56624156951899995,0.96785797119100003,-0.57717078873322725,-0.54346797889359588,0.97744801179301821,0.025000000000000001
0.8549754517317617,-0.60012830587481469,-0.56203576659603693,0.96545206281740725,-0.59632641495132832,-0.5392479024114365,0.97500500795300571,0.025000000000000001
0.85802577473528185,-0.6192036072045185,-0.55784932865196291,0.96305721981759262,-0.61539434432528095,-0.53504791755835424,0.97257483494708985,0.025000000000000001
0.861076097738802,-0.63821701049799995,-0.55367652893099994,0.96067016601599997,-0.63440059653645431,-0.53086253898436553,0.97015471156287214,0.025000000000000001
0.86410926714378367,-0.65719440799748186,-0.54951150583444441,0.95828760797848145,-0.65337183133950827,-0.52668601204103904,0.96774194066009289,0.025000000000000001
0.86714243654876511,-0.67616224240451817,-0.54534862427722219,0.95590622610251841,-0.67233419272779649,-0.52251300548242829,0.96533385133065119,0.025000000000000001
0.87017560595374699,-0.69514724731400002,-0.541182136536,0.95352279663100004,-0.6913145832161387,-0.51833794716848502,0.96292775004435405,0.025000000000000001
0.87318902105388263,-0.71414644449114817,-0.53701234226674077,0.95113749000822212,-0.71030991536454113,-0.51416147245030253,0.96052461684367518,0.025000000000000001
0.87620243615401816,-0.73304688266451845,-0.53286430798325923,0.94876462021744445,-0.72920762735666855,-0.51000843672791096,0.9581384402963905,0.025000000000000001
0.87921585125415369,-0.75170669555699998,-0.528769073486,0.94642192840600003,-0.74786538402893388,-0.50590969304537803,0.95578633802470181,0.025000000000000001
0.88204584338770953,-0.76998379549470397,-0.52475781857529624,0.94412729126003692,-0.76614114055821436,-0.50189607312931928,0.95348536823025054,0.025000000000000001
0.88487583552126503,-0.7877364822972962,-0.52086161235437045,0.94189849957496308,-0.78389308217750064,-0.49799839968674414,0.95125267935591706,0.025000000000000001
0.88770582765482098,-0.80482345581100001,-0.517111625671,0.93975334167500002,-0.8009797094496206,-0.49424748867412932,0.94910511374691531,0.025000000000000001
0.89148064425570861,-0.82906758961674998,-0.51179072760812505,0.93670951424075,-0.82522338390119732,-0.48892594989728327,0.94605952299541529,0.025000000000000001
0.89525546085659635,-0.85205703735399996,-0.50674533844000003,0.93382331848099998,-0.8482127145554601,-0.48388051762840378,0.94317316544534058,0.025000000000000001
0.89880875281882222,-0.87435279762337526,-0.50185204264862482,0.93102410019524984,-0.87050892603199403,-0.47898793890115232,0.94037587978778303,0.025000000000000001
0.90236204478104809,-0.89651870727500005,-0.49698734283399998,0.92824127197299999,-0.89267563395146343,-0.47412480558538783,0.93759720290385684,0.025000000000000001
0.90598440462526419,-0.91900829552724994,-0.49205151847875006,0.92541772884362505,-0.9151667052345841,-0.46919147308363274,0.93478035161049955,0.025000000000000001
0.90960676446948041,-0.94184463501000004,-0.487039756775,0.92255077362100002,-0.93800477095960055,-0.46418268328753903,0.93192135321761482,0.025000000000000001
0.91331221932427276,-0.96494021461137458,-0.48197093509512501,0.91965115173412493,-0.96110184208030747,-0.45911677083868707,0.92902943374973979,0.025000000000000001
0.91701767417906532,-0.98821029663100002,-0.47686393737799998,0.91672966003400003,-0.98437321863541127,-0.45401188948558047,0.92611362552717003,0.025000000000000001
0.92073481162572768,-1.0115422807071246,-0.47174323679312502,0.91380038467512503,-1.0077056001685754,-0.44889196414594107,0.9231864005179744,0.025000000000000001
0.92445194907238992,-1.0347221374510001,-0.46665599822999998,0.91089023590100004,-1.0308848305717719,-0.44380413783289657,0.92027456584019884,0.025000000000000001
0.92804338360858807,-1.0575083900983751,-0.46165514250825002,0.90802952127150005,-1.0536702006083511,-0.43880137429124993,0.91740884417691348,0.025000000000000001
0.93163481814478633,-1.079661102295,-0.45679332733200001,0.90524833679200001,-1.0758214508380954,-0.43393669863648276,0.91462008838099951,0.025000000000000001
0.93498046103645327,-1.10099201412,-0.45211180711374999,0.90257026993737499,-1.0971502517004155,-0.42925161565639752,0.91193246189840638,0.025000000000000001
0.93832610392812021,-1.1215245056150001,-0.44760559082000001,0.89999252319300005,-1.1176805600044073,-0.42474117100163772,0.90934348462695003,0.025000000000000001
0.94144068240412138,-1.1413340625133754,-0.44325803498212496,0.89750547940037506,-1.1374874296132855,-0.4203889981259446,0.90684403511181566,0.025000000000000001
0.94455526088012276,-1.1604966735840001,-0.43905250549300001,0.89509975433300004,-1.1566473037759755,-0.41617855417057004,0.90442513488012422,0.025000000000000001
0.94746836351638941,-1.17905775244875,-0.43497883639500001,0.89276940593800003,-1.1752056297047797,-0.41209999666410618,0.90208164744364749,0.025000000000000001
0.95038146615265617,-1.196947784424,-0.431052627563,0.89052341461200002,-1.1930931003545711,-0.40816881830464319,0.89982237589015512,0.025000000000000001
0.95304780044123882,-1.2140653494254998,-0.42729578374487504,0.88837434363474999,-1.2102076536268505,-0.40440721503699667,0.89766033410380519,0.025000000000000001
0.9557141347298217,-1.2303111267089999,-0.42373039245600003,0.88633476257300003,-1.2264511400755764,-0.40083699204482198,0.89560788272843639,0.025000000000000001
0.95818572213821906,-1.2457657536655002,-0.42033855032999995,0.88439447458824993,-1.2419030650573117,-0.39744052849632205,0.89365505245567645,0.025000000000000001
0.96065730954661643,-1.2612376403809999,-0.41694297790500001,0.88245204925499998,-1.2573719926036386,-0.39404024787057007,0.89169974389765472,0.025000000000000001
0.9634507341773807,-1.2777163903092501,-0.41332640958787503,0.88038321596362501,-1.2738479307127764,-0.39041849586684396,0.8896168891599664,0.025000000000000001
0.96624415880814507,-1.2961912536619999,-0.40927177429200001,0.87806377410900005,-1.2923195909127947,-0.38635797238598413,0.8872814871915109,0.025000000000000001
0.96979194989132045,-1.3173438830252504,-0.40464805519187486,0.87541879206787487,-1.3135084657713929,-0.38171569986280068,0.88460547145689117,0.025000000000000001
0.97333974097449605,-1.3406245422359999,-0.39966957092299998,0.87257087707500003,-1.3368934704203823,-0.37669520057517747,0.88169534712260078,0.025000000000000001
0.97530728557450153,-1.3527944090517503,-0.3971411740271667,0.87112450423041665,-1.3491392279955721,-0.3741372079969798,0.88020502218169061,0.025000000000000001
0.97727483017450745,-1.3651744051645001,-0.39463674978466662,0.86969184400399979,-1.3616129566713844,-0.37159688922527961,0.8787184483260847,0.025000000000000001
0.97924237477451292,-1.3776571706187501,-0.39219387351641666,0.86829439580933332,-1.3742092096753511,-0.36911143247463751,0.87725604910804056,0.025000000000000001
0.98120991937451885,-1.390135345459,-0.38985012054399998,0.86695365905800004,-1.3868247784171597,-0.36671775481622165,0.87583806265682274,0.025000000000000001
0.98308365916384277,-1.40249811191025,-0.38763737372775003,0.8656878548928334,-1.3993255175521908,-0.36445336631622038,0.87448759264135056,0.025000000000000001
0.98495739895316703,-1.4146191803088337,-0.38556506481783331,0.86450239579749988,-1.4115650498976808,-0.36233317941716947,0.87321737386560194,0.025000000000000001
0.98683113874249095,-1.4263684484701666,-0.38363693553491662,0.86339941800291664,-1.4234149482499352,-0.36036071478066212,0.87203038271936151,0.025000000000000001
0.98870487853181499,-1.4376158142090001,-0.3818567276,0.86238105773899998,-1.4347474438732932,-0.35853954390571358,0.87092978135725829,0.025000000000000001
0.99164257734910388,-1.4580843020708747,-0.37875500319175004,0.86060670950475004,-1.4553365477145923,-0.35536806362991363,0.86900316003806521,0.025000000000000001
0.994580276166393,-1.474984893799,-0.37629005432099999,0.85919666290300001,-1.4722787743329586,-0.35285483378376153,0.86747114114738477,0.025000000000000001
0.99801409031937438,-1.4968428039549999,-0.37312797546400001,0.85738777160599999,-1.4941175490392331,-0.34964401366015002,0.86551650571014549,0.025000000000000001
1,-1.5094841003420001,-0.37129924774200002,0.85634166717500004,-1.5067479118894644,-0.34778711557853698,0.86438484900748791,0.025000000000000001
